track_name,artist_name,year,name,playcount,listeners,genres,artist_popularity,album_name,release_date,duration_ms,track_listeners,ranking_year,track_weight_in_artist,true_rank
Save Your Tears,The Weeknd,2020,The Weeknd,1095012174,5233527,"['rnb', 'electronic', 'dubstep', 'Canadian', 'prog-rnb']",1095012174,Hit Connection 2021.1,N/A,216000,1819150,2020,34.75954170103641,1
Telepatía,Kali Uchis,2020,Kali Uchis,306928312,3010615,"['rnb', 'Neo-Soul', 'soul', 'alternative rnb', 'pop']",306928312,Best in the World,N/A,160000,1611327,2020,53.52152301107913,2
The Adults Are Talking,The Strokes,2020,The Strokes,471895542,5649956,"['indie rock', 'indie', 'rock', 'alternative', 'alternative rock']",471895542,The New Abnormal,N/A,309000,1586456,2020,28.07908592562491,3
Heather,Conan Gray,2020,Conan Gray,244693650,2379267,"['pop', 'indie pop', 'indie', 'my top songs', 'yearning']",244693650,Now 35,N/A,198000,1491657,2020,62.69397255541308,4
Good Days,SZA,2020,SZA,575399022,3438127,"['rnb', 'soul', 'alternative rnb', 'electronic', 'Neo-Soul']",575399022,Hits 8 - as Grandes Músicas do Momento,N/A,278000,1480531,2020,43.06213819326628,5
Levitating (feat. DaBaby),Dua Lipa,2020,Dua Lipa,314803417,3224232,"['pop', 'synthpop', 'electropop', 'british', 'female vocalists']",314803417,"Now That's What I Call Music, Vol. 77",N/A,203000,1235800,2020,38.328507377880996,6
positions,Ariana Grande,2020,Ariana Grande,1079224655,4404806,"['pop', 'rnb', 'female vocalists', 'Ariana Grande', 'american']",1079224655,"Now That's What I Call Music, Vol. 77",N/A,172000,1222105,2020,27.744808738455223,7
Break My Heart,Dua Lipa,2020,Dua Lipa,314803417,3224232,"['pop', 'synthpop', 'electropop', 'british', 'female vocalists']",314803417,Just Hits,N/A,221000,1117829,2020,34.66962054839726,8
exile (feat. Bon Iver),Taylor Swift,2020,Taylor Swift,3608500687,5863513,"['country', 'pop', 'female vocalists', 'singer-songwriter', 'acoustic']",3608500687,folklore (deluxe version),N/A,285000,1058997,2020,18.06079393019168,9
Dynamite,BTS,2020,BTS,2961107080,2315918,"['k-pop', 'bts', 'Kpop', 'Korean', 'pop']",2961107080,Dynamite - EP,N/A,199000,1038358,2020,44.835697982398344,10
In Your Eyes,The Weeknd,2020,The Weeknd,1095012174,5233527,"['rnb', 'electronic', 'dubstep', 'Canadian', 'prog-rnb']",1095012174,NRJ Holiday Hits 2020,N/A,237000,1029357,2020,19.668514177914815,11
Physical,Dua Lipa,2020,Dua Lipa,314803417,3224232,"['pop', 'synthpop', 'electropop', 'british', 'female vocalists']",314803417,Physical,N/A,193000,993793,2020,30.822626907741128,12
Therefore I Am,Billie Eilish,2020,Billie Eilish,816132082,4157414,"['pop', 'indie pop', 'electropop', 'art pop', 'alternative']",816132082,"Now That's What I Call Music, Vol. 77",N/A,173000,983453,2020,23.65540213219083,13
Godzilla (feat. Juice WRLD),Eminem,2020,Eminem,561177490,7726026,"['rap', 'Hip-Hop', 'hip hop', 'Eminem', 'pop']",561177490,Discover More Hip Hop,N/A,210000,922815,2020,11.944238862255965,14
My Future,Billie Eilish,2020,Billie Eilish,816132082,4157414,"['pop', 'indie pop', 'electropop', 'art pop', 'alternative']",816132082,Now That's What I Call Music! Vol. 76,N/A,210000,915184,2020,22.013299613654063,15
Rain on Me (with Ariana Grande),Lady Gaga,2020,Lady Gaga,1011356598,7630920,"['pop', 'dance', 'electronic', 'female vocalists', 'female vocalist']",1011356598,Chromatica (Deluxe),N/A,182000,910515,2020,11.931916466166596,16
Kyoto,Phoebe Bridgers,2020,Phoebe Bridgers,284452858,2120975,"['singer-songwriter', 'folk', 'indie folk', 'indie', 'indie rock']",284452858,I See You,N/A,184000,874874,2020,41.248671012152435,17
How You Like That,BLACKPINK,2020,BLACKPINK,305695144,1952307,"['k-pop', 'Kpop', 'pop', 'Korean', 'blackpink']",305695144,How You Like That,N/A,181000,870378,2020,44.58202526549359,18
Life Is Good (feat. Drake),Future,2020,Future,449794315,3171840,"['Hip-Hop', 'rap', 'trap', 'hip hop', 'atlanta']",449794315,Life Is Good (feat. Drake) - Single,N/A,237000,838268,2020,26.428445318805487,19
Angels Like You,Miley Cyrus,2020,Miley Cyrus,295900006,4785176,"['pop', 'female vocalists', 'dance', 'Disney', 'guilty pleasure']",295900006,Plastic Hearts [Explicit],N/A,196000,838233,2020,17.517286720488443,20
No Time to Die,Billie Eilish,2020,Billie Eilish,815745199,4156081,"['pop', 'indie pop', 'electropop', 'art pop', 'alternative']",815745199,Everything I Wanted / No Time To Die,N/A,240000,831298,2020,20.00196820033103,21
pov,Ariana Grande,2020,Ariana Grande,1079224655,4404806,"['pop', 'rnb', 'female vocalists', 'Ariana Grande', 'american']",1079224655,"Now That's What I Call Music, Vol. 79",N/A,195000,827374,2020,18.783437908502666,22
betty,Taylor Swift,2020,Taylor Swift,3608500687,5863513,"['country', 'pop', 'female vocalists', 'singer-songwriter', 'acoustic']",3608500687,folklore (deluxe version),N/A,294000,768511,2020,13.10666489525989,23
Laugh Now Cry Later (feat. Lil Durk),Drake,2020,Drake,1128317449,6646671,"['Hip-Hop', 'rap', 'rnb', 'hip hop', 'Canadian']",1128317449,Laugh Now Cry Later (feat. Lil Durk) - Single,N/A,261000,733013,2020,11.028272649571493,24
Steeeam,Shelly,2020,Shelly,17670519,831141,"['indie pop', 'Lo-Fi', 'bedroom pop', 'dream pop', 'clairo']",17670519,Shelly,N/A,171000,727727,2020,87.55758649856041,25
Stuck with U (with Justin Bieber),Ariana Grande,2020,Ariana Grande,1079224655,4404806,"['pop', 'rnb', 'female vocalists', 'Ariana Grande', 'american']",1079224655,Stuck With U [Cassette Single],N/A,228000,725138,2020,16.46242763018394,26
Mood (feat. iann dior),24kGoldn,2020,24kGoldn,23108516,1192175,"['Hip-Hop', 'rap', 'trap', 'pop', 'emo rap']",23108516,Now That's What I Call Music Vol. 83,N/A,140000,709901,2020,59.54671084362615,27
Blueberry Faygo,Lil Mosey,2020,Lil Mosey,26580607,957234,"['cloud rap', 'rap', 'Hip-Hop', 'lil mosey', 'american']",26580607,Massive Hits,N/A,162000,702383,2020,73.37631133035391,28
Garden Song,Phoebe Bridgers,2020,Phoebe Bridgers,284452858,2120975,"['singer-songwriter', 'folk', 'indie folk', 'indie', 'indie rock']",284452858,Garden Song,N/A,220000,694107,2020,32.725845424863564,29
THE SCOTTS,The Scotts,2020,The Scotts,7486458,693530,[],7486458,Love Language,N/A,162000,692587,2020,99.86402895332573,30
Took Her To The O,King Von,2020,King Von,60194029,985572,"['drill', 'rap', 'Hip-Hop', 'trap', 'hip hop']",60194029,Took Her To The O,N/A,196000,680171,2020,69.01281692255867,31
Midnight Sky,Miley Cyrus,2020,Miley Cyrus,295900006,4785176,"['pop', 'female vocalists', 'dance', 'Disney', 'guilty pleasure']",295900006,Now That's What I Call Music! Vol. 76,N/A,223000,670495,2020,14.011919310804869,32
What You Know Bout Love,Pop Smoke,2020,Pop Smoke,133311339,1554776,"['drill', 'rap', 'trap', 'Hip-Hop', 'hip hop']",133311339,"Now That's What I Call Music, Vol. 77",N/A,160000,656744,2020,42.24042563044452,33
I Want You to Love Me,Fiona Apple,2020,Fiona Apple,175955218,2700832,"['female vocalists', 'singer-songwriter', 'alternative', 'piano', 'indie']",175955218,Fetch the Bolt Cutters,N/A,238000,653307,2020,24.189101728652503,34
Breathe Deeper,Tame Impala,2020,Tame Impala,399575749,4217192,"['Psychedelic Rock', 'psychedelic', 'indie rock', 'australian', 'rock']",399575749,Calme,N/A,372000,650931,2020,15.435175823154365,35
Ode to the Mets,The Strokes,2020,The Strokes,471895542,5649956,"['indie rock', 'indie', 'rock', 'alternative', 'alternative rock']",471895542,The New Abnormal,N/A,351000,648663,2020,11.480850470339945,36
Toosie Slide,Drake,2020,Drake,1127643892,6645422,"['Hip-Hop', 'rap', 'rnb', 'hip hop', 'Canadian']",1127643892,Toosie Slide,N/A,247000,640504,2020,9.638274288675722,37
WHATS POPPIN,Jack Harlow,2020,Jack Harlow,76846451,1821134,"['rap', 'Hip-Hop', 'trap', 'hip hop', 'pop rap']",76846451,Just Hits,N/A,139000,614620,2020,33.74930125954488,38
Kings & Queens,Ava Max,2020,Ava Max,65916315,1557862,"['pop', 'electropop', 'female vocalists', 'american', 'USA']",65916315,L'été France Bleu 2021,N/A,162000,611215,2020,39.23421971907653,39
Roses - Imanbek Remix,SAINt JHN,2020,SAINt JHN,21251630,966598,"['Hip-Hop', 'rap', 'trap', 'rnb', 'electronic']",21251630,N/A,N/A,0,596099,2020,61.66979447505582,40
ON,BTS,2020,BTS,2961107080,2315918,"['k-pop', 'bts', 'Kpop', 'Korean', 'pop']",2961107080,"BTS, THE BEST",N/A,246000,589957,2020,25.474002101974246,41
ROCKSTAR (feat. Roddy Ricch),DaBaby,2020,DaBaby,54055455,1466801,"['Hip-Hop', 'rap', 'trap', 'hip hop', 'american']",54055455,"Now That's What I Call Music, Vol. 75",N/A,181000,589239,2020,40.17170700047246,42
My Oh My (feat. DaBaby),Camila Cabello,2020,Camila Cabello,127125500,2365581,"['pop', 'female vocalists', 'cuba', 'dance', 'cuban']",127125500,N/A,N/A,171000,588112,2020,24.86120745812551,43
Can I Call You Rose?,Thee Sacred Souls,2020,Thee Sacred Souls,28152730,1162267,"['soul', 'funk', 'rnb', 'United States', 'USA']",28152730,Can I Call You Rose?,N/A,188000,586523,2020,50.46370584383795,44
Pretty Savage,BLACKPINK,2020,BLACKPINK,305695144,1952307,"['k-pop', 'Kpop', 'pop', 'Korean', 'blackpink']",305695144,THE ALBUM,N/A,202000,585516,2020,29.990979902238735,45
Ice Cream (with Selena Gomez),BLACKPINK,2020,BLACKPINK,305695144,1952307,"['k-pop', 'Kpop', 'pop', 'Korean', 'blackpink']",305695144,Ice Cream (with Selena Gomez) - Single,N/A,176000,559670,2020,28.66711024444414,46
Stupid Love,Lady Gaga,2020,Lady Gaga,1011356598,7630920,"['pop', 'dance', 'electronic', 'female vocalists', 'female vocalist']",1011356598,Massive Hits,N/A,193000,547623,2020,7.176369297542105,47
Falling Apart,Slow Pulp,2020,Slow Pulp,24109725,866162,"['dream pop', 'shoegaze', 'indie rock', 'indie pop', 'Lo-Fi']",24109725,Idaho / Falling Apart,N/A,166000,542806,2020,62.66795356988647,48
safety net (feat. Ty Dolla $ign),Ariana Grande,2020,Ariana Grande,1079224655,4404806,"['pop', 'rnb', 'female vocalists', 'Ariana Grande', 'american']",1079224655,Positions (Deluxe Edition),N/A,208000,503829,2020,11.43816549468921,49
Brooklyn Bridge to Chorus,The Strokes,2020,The Strokes,471895542,5649956,"['indie rock', 'indie', 'rock', 'alternative', 'alternative rock']",471895542,The New Abnormal,N/A,234000,501427,2020,8.874883273427262,50
Bad Decisions,The Strokes,2020,The Strokes,471895542,5649956,"['indie rock', 'indie', 'rock', 'alternative', 'alternative rock']",471895542,The New Abnormal,N/A,286000,497404,2020,8.803679179094493,51
FRANCHISE (feat. Young Thug & M.I.A.),Travis Scott,2020,Travis Scott,667663266,3280150,[],667663266,FRANCHISE (feat. Young Thug & M.I.A.),N/A,202000,478675,2020,14.593082633416154,52
911,Lady Gaga,2020,Lady Gaga,1011356598,7630920,"['pop', 'dance', 'electronic', 'female vocalists', 'female vocalist']",1011356598,Brand New Hits,N/A,172000,463949,2020,6.079856688315433,53
forever,Charli xcx,2020,Charli xcx,696905259,3703329,"['pop', 'synthpop', 'electronic', 'female vocalists', 'Electroclash']",696905259,Forever,N/A,243000,461903,2020,12.472642857277872,54
Body,Megan Thee Stallion,2020,Megan Thee Stallion,180345679,2277405,"['rap', 'Hip-Hop', 'trap', 'hip hop', 'american']",180345679,Good News,N/A,171000,457566,2020,20.091551568561584,55
Blue Hour,TOMORROW X TOGETHER,2020,TOMORROW X TOGETHER,421833746,1201549,"['k-pop', 'Kpop', 'pop', 'Korean', 'txt']",421833746,minisode1 : Blue Hour,N/A,210000,456949,2020,38.02999295076605,56
love language,Ariana Grande,2020,Ariana Grande,1079224655,4404806,"['pop', 'rnb', 'female vocalists', 'Ariana Grande', 'american']",1079224655,Positions,N/A,179000,449167,2020,10.197202782597008,57
POPSTAR (feat. Drake),DJ Khaled,2020,DJ Khaled,60411069,2835151,"['Hip-Hop', 'rap', 'hip hop', 'miami', 'djs']",60411069,POPSTAR (feat. Drake) - Single,N/A,200000,447605,2020,15.78769525855942,58
Let Me Love You Like a Woman,Lana Del Rey,2020,Lana Del Rey,1546791352,5179045,"['indie', 'female vocalists', 'indie pop', 'pop', 'alternative']",1546791352,Sad Girl,N/A,200000,442527,2020,8.544567579544104,59
Savage Remix (feat. Beyoncé),Megan Thee Stallion,2020,Megan Thee Stallion,180345679,2277405,"['rap', 'Hip-Hop', 'trap', 'hip hop', 'american']",180345679,N/A,N/A,242000,442439,2020,19.42733066801908,60
Not Shy,ITZY,2020,ITZY,134586077,981767,"['k-pop', 'Kpop', 'Korean', 'pop', 'girl group']",134586077,Not Shy,N/A,177000,429346,2020,43.73196491631925,61
Intentions (feat. Quavo),Justin Bieber,2020,Justin Bieber,312898754,4706695,"['pop', 'black metal', 'rnb', 'justin bieber', 'Hip-Hop']",312898754,MegaHits Sommer 2020,N/A,212000,423835,2020,9.004938709646577,62
Wonder,Shawn Mendes,2020,Shawn Mendes,138958367,2671612,"['pop', 'Canadian', 'folk', 'male vocalists', 'acoustic']",138958367,Chilled Acoustic,N/A,172000,423754,2020,15.861360107680305,63
Girls in the Hood,Megan Thee Stallion,2020,Megan Thee Stallion,180345679,2277405,"['rap', 'Hip-Hop', 'trap', 'hip hop', 'american']",180345679,Girls In The Hood,N/A,154000,421088,2020,18.48981626017331,64
00:00 (Zero O’Clock),BTS,2020,BTS,2961107080,2315918,"['k-pop', 'bts', 'Kpop', 'Korean', 'pop']",2961107080,N/A,N/A,0,416541,2020,17.98599950430024,65
You should be sad,Halsey,2020,Halsey,218583046,2774603,"['pop', 'indie pop', 'indie', 'alternative', 'female vocalists']",218583046,Ultimate Party,N/A,205000,414996,2020,14.956950597977439,66
Smile (with The Weeknd),Juice WRLD,2020,Juice WRLD,510308694,2447140,"['trap', 'rap', 'emo rap', 'Hip-Hop', 'pop']",510308694,Smile (with The Weeknd),N/A,196000,405895,2020,16.5865050630532,67
Yummy,Justin Bieber,2020,Justin Bieber,312898754,4706695,"['pop', 'black metal', 'rnb', 'justin bieber', 'Hip-Hop']",312898754,Party,N/A,208000,404507,2020,8.594289623610623,68
MORE,K/DA,2020,K/DA,29900327,813569,"['k-pop', 'pop', 'Korean', 'league of legends', 'Kpop']",29900327,More,N/A,205000,404370,2020,49.70322123876401,69
Level of Concern,Twenty One Pilots,2020,Twenty One Pilots,419608422,3291476,"['electronic', 'alternative', 'rap', 'indie pop', 'indie']",419608422,Level of Concern,N/A,207000,402137,2020,12.217527941871671,70
Monster,Red Velvet - IRENE & SEULGI,2020,Red Velvet - IRENE & SEULGI,18589631,500753,"['k-pop', 'Kpop', 'pop', 'Korean', 'red velvet']",18589631,Monster - The 1st Mini Album,N/A,178000,400768,2020,80.0330701962844,71
MORE & MORE,TWICE,2020,TWICE,488851948,1869503,"['k-pop', 'Kpop', 'Korean', 'pop', 'girl group']",488851948,MORE & MORE,N/A,199000,398680,2020,21.32545387731392,72
Weak for Your Love,Thee Sacred Souls,2020,Thee Sacred Souls,28152730,1162267,"['soul', 'funk', 'rnb', 'United States', 'USA']",28152730,Can I Call You Rose?,N/A,260000,397595,2020,34.20857685884569,73
Friends,BTS,2020,BTS,2961107080,2315918,"['k-pop', 'bts', 'Kpop', 'Korean', 'pop']",2961107080,MAP OF THE SOUL : 7,N/A,199000,391788,2020,16.917179278368234,74
MAGO,GFRIEND,2020,GFRIEND,45705925,601422,[],45705925,回:Walpurgis Night,N/A,221000,390947,2020,65.00377438803369,75
Natural,Shelly,2020,Shelly,17670519,831141,"['indie pop', 'Lo-Fi', 'bedroom pop', 'dream pop', 'clairo']",17670519,Shelly,N/A,163000,388362,2020,46.7263677282194,76
Good in Goodbye,Madison Beer,2020,Madison Beer,105207515,1637339,"['pop', 'female vocalists', 'rnb', 'indie', 'my top songs']",105207515,Life Support,N/A,141000,385660,2020,23.554071575892348,77
Sum 2 Prove,Lil Baby,2020,Lil Baby,165257183,1592233,"['rap', 'Hip-Hop', 'hip hop', 'trap', 'atlanta']",165257183,My Turn (Deluxe / Audio Only),N/A,206000,382454,2020,24.019976975731566,78
Not PLaying,Playboi Carti,2020,Playboi Carti,764640788,2437366,"['trap', 'cloud rap', 'Hip-Hop', 'rap', 'rage']",764640788,Whole Lotta Red,N/A,130000,370805,2020,15.213349164631,79
Party Girl,StaySolidRocky,2020,StaySolidRocky,4133549,431081,"['Hip-Hop', 'rap', 'indie', 'electronic', 'trap']",4133549,NOW That's What I Call Music! 106,N/A,149000,368621,2020,85.51084366975115,80
west side,Ariana Grande,2020,Ariana Grande,1079224655,4404806,"['pop', 'rnb', 'female vocalists', 'Ariana Grande', 'american']",1079224655,Positions,N/A,132000,364667,2020,8.278843608549389,81
LA DI DA,Everglow,2020,Everglow,35914985,641505,"['k-pop', 'Korean', 'Kpop', 'pop', 'girl group']",35914985,-77.82X-78.29,N/A,210000,361901,2020,56.41436933461158,82
Inner Child,BTS,2020,BTS,2961107080,2315918,"['k-pop', 'bts', 'Kpop', 'Korean', 'pop']",2961107080,MAP OF THE SOUL : 7,N/A,233000,355570,2020,15.35330698237157,83
Telepathy,BTS,2020,BTS,2961107080,2315918,"['k-pop', 'bts', 'Kpop', 'Korean', 'pop']",2961107080,BE,N/A,202000,352858,2020,15.236204390656319,84
DUN DUN,Everglow,2020,Everglow,35914985,641505,"['k-pop', 'Korean', 'Kpop', 'pop', 'girl group']",35914985,reminiscence - EP,N/A,208000,352221,2020,54.90541772862254,85
Lonely (with benny blanco),Justin Bieber,2020,Justin Bieber,312898754,4706695,"['pop', 'black metal', 'rnb', 'justin bieber', 'Hip-Hop']",312898754,Lonely (with benny blanco),N/A,149000,348358,2020,7.401329382932185,86
Rare,Selena Gomez,2020,Selena Gomez,201423254,3130971,"['pop', 'female vocalists', 'Disney', 'pop rock', 'dance']",201423254,Now That's What I Call Music! Vol. 74,N/A,220000,346954,2020,11.081354634073582,87
Shameika,Fiona Apple,2020,Fiona Apple,175955218,2700832,"['female vocalists', 'singer-songwriter', 'alternative', 'piano', 'indie']",175955218,Fetch the Bolt Cutters,N/A,249000,333907,2020,12.363116254546746,88
Stay,BTS,2020,BTS,2961107080,2315918,"['k-pop', 'bts', 'Kpop', 'Korean', 'pop']",2961107080,BE,N/A,206000,325134,2020,14.03909810278257,89
Baby Powder,Jenevieve,2020,Jenevieve,7599204,418300,"['rnb', 'soul', 'USA', 'american', 'cuban']",7599204,Division,N/A,176000,323640,2020,77.37030839110686,90
Love to Hate Me,BLACKPINK,2020,BLACKPINK,305695144,1952307,"['k-pop', 'Kpop', 'pop', 'Korean', 'blackpink']",305695144,THE ALBUM,N/A,169000,323276,2020,16.55866623435761,91
Over Now (with The Weeknd),Calvin Harris,2020,Calvin Harris,203633856,4941812,"['electronic', 'dance', 'electro', 'Disco', 'electronica']",203633856,Over Now,N/A,211000,307759,2020,6.22765495733144,92
Savage Love (Laxed - Siren Beat),Jawsh 685,2020,Jawsh 685,6537046,524076,"['Hip-Hop', 'electronic', 'pop', 'New Zealand', 'bts']",6537046,Now That's What I Call Music Vol. 83,N/A,171000,307011,2020,58.581388958853296,93
Fly to My Room,BTS,2020,BTS,2961107080,2315918,"['k-pop', 'bts', 'Kpop', 'Korean', 'pop']",2961107080,BE,N/A,222000,306395,2020,13.229958919098173,94
Take You Dancing,Jason Derulo,2020,Jason Derulo,59804257,3080732,[],59804257,Paradise - Summer Feeling,N/A,190000,304120,2020,9.87167984751676,95
Diamonds,Sam Smith,2020,Sam Smith,111853937,3049190,"['soul', 'pop', 'british', 'electronic', 'dance']",111853937,Now 35,N/A,213000,292893,2020,9.605600175784389,96
Seems Like,Thee Sinseers,2020,Thee Sinseers,1991686,310525,"['rnb', 'soul', 'los angeles', 'United States', 'daptone']",1991686,Seems Like,N/A,194000,286883,2020,92.38644231543354,97
Tap In,Saweetie,2020,Saweetie,18663600,1170381,"['Hip-Hop', 'rap', 'better than selena gomez', 'urban', 'female rapper']",18663600,Just Hits,N/A,139000,283789,2020,24.24757408057718,98
Holy (feat. Chance the Rapper),Justin Bieber,2020,Justin Bieber,312898754,4706695,"['pop', 'black metal', 'rnb', 'justin bieber', 'Hip-Hop']",312898754,"Now That's What I Call Music, Vol. 77",N/A,212000,283559,2020,6.02458837889432,99
Yikes,Nicki Minaj,2020,Nicki Minaj,304191255,4698557,"['Hip-Hop', 'rap', 'rnb', 'pop', 'hip hop']",304191255,Poppin,N/A,156000,281976,2020,6.001331898282814,100
La Difícil,Bad Bunny,2020,Bad Bunny,382878834,2475994,"['Reggaeton', 'trap', 'latin', 'puerto rico', 'trap latino']",382878834,YHLQMDLG,N/A,163000,273862,2020,11.0606891616054,101
Susie Save Your Love,Allie X,2020,Allie X,40059617,846161,"['synthpop', 'electropop', 'pop', 'Canadian', 'dance-pop']",40059617,N/A,N/A,234000,271194,2020,32.04992903241818,102
Fairy of Shampoo,TOMORROW X TOGETHER,2020,TOMORROW X TOGETHER,421833746,1201549,"['k-pop', 'Kpop', 'pop', 'Korean', 'txt']",421833746,The Dream Chapter: ETERNITY,N/A,267000,269370,2020,22.418561373693457,103
"Baby, I'm Jealous (feat. Doja Cat)",Bebe Rexha,2020,Bebe Rexha,37141755,1433649,"['pop', 'female vocalists', 'electronic', 'singer-songwriter', 'alternative']",37141755,"Now That's What I Call Music, Vol. 77",N/A,175000,258278,2020,18.015427765094525,104
Daisies,Katy Perry,2020,Katy Perry,429941777,7048299,"['pop', 'female vocalists', 'pop rock', 'indie', 'rock']",429941777,"Now That's What I Call Music, Vol. 75",N/A,174000,257314,2020,3.650724806084418,105
Cuz I Love You,Lizzo,2020,Lizzo,55680048,1729503,"['pop', 'Hip-Hop', 'rnb', 'hip hop', 'rap']",55680048,Tempo (feat. Missy Elliott),N/A,179000,253729,2020,14.67063081127931,106
What a Man Gotta Do,Jonas Brothers,2020,Jonas Brothers,74618747,2144878,"['pop', 'pop rock', 'Disney', 'rock', 'pop punk']",74618747,Massive Hits,N/A,180000,244452,2020,11.397011858017098,107
You Never Know,BLACKPINK,2020,BLACKPINK,305695144,1952307,"['k-pop', 'Kpop', 'pop', 'Korean', 'blackpink']",305695144,BLACKPINK: THE SHOW,N/A,229000,231579,2020,11.861812716954864,108
Bet You Wanna (feat. Cardi B),BLACKPINK,2020,BLACKPINK,305695144,1952307,"['k-pop', 'Kpop', 'pop', 'Korean', 'blackpink']",305695144,THE ALBUM (Japan Version),N/A,159000,222411,2020,11.392214441683608,109
Ashes,Stellar,2020,Stellar,10304626,465201,"['k-pop', 'pop', 'Korean', 'female vocalists', 'Kpop']",10304626,Ashes,N/A,166000,220769,2020,47.456690763777374,110
So What,Loona,2020,Loona,111267797,1134537,"['pop', 'dance', 'k-pop', 'latin', 'female vocalists']",111267797,[#] - EP,N/A,198000,216324,2020,19.067161317788667,111
Criminal,TAEMIN,2020,TAEMIN,50869787,613974,"['k-pop', 'Korean', '태민', 'pop', 'Kpop']",50869787,Never Gonna Dance Again : Act 1,N/A,211000,215247,2020,35.05799919866314,112
me & ur ghost,blackbear,2020,blackbear,69197574,1751279,"['electronic', 'pop', 'hip hop', 'Hip-Hop', 'rnb']",69197574,Freshly Squeezed Hits,N/A,199000,214373,2020,12.240939336336472,113
Jesus Christ 2005 God Bless America,The 1975,2020,The 1975,295843258,2612449,"['indie', 'indie rock', 'british', 'alternative', 'rock']",295843258,Notes on a Conditional Form,N/A,238000,212274,2020,8.12547919595751,114
NONSTOP,OH MY GIRL,2020,OH MY GIRL,22724336,430242,"['k-pop', 'Korean', 'girl group', 'pop', 'Kpop']",22724336,NONSTOP - EP,N/A,203000,208634,2020,48.49224389994468,115
Spotlight,Jessie Ware,2020,Jessie Ware,54442764,1135612,"['soul', 'pop', 'electronic', 'female vocalists', 'chillout']",54442764,What's Your Pleasure? (The Platinum Pleasure Edition),N/A,331000,208210,2020,18.334607242614556,116
BOCA,Dreamcatcher,2020,Dreamcatcher,79061004,557395,"['k-pop', 'rock', 'Korean', 'k-rock', 'Kpop']",79061004,Crossroads: Part 2. Dystopia Concert,N/A,0,207895,2020,37.29760762116632,117
UP NO MORE,TWICE,2020,TWICE,488851948,1869503,"['k-pop', 'Kpop', 'Korean', 'pop', 'girl group']",488851948,Eyes wide open,N/A,214000,207884,2020,11.119746799015568,118
Skit,BTS,2020,BTS,2961107080,2315918,"['k-pop', 'bts', 'Kpop', 'Korean', 'pop']",2961107080,BE,N/A,180000,203359,2020,8.780924022353123,119
Dolphin,OH MY GIRL,2020,OH MY GIRL,22724336,430242,"['k-pop', 'Korean', 'girl group', 'pop', 'Kpop']",22724336,NONSTOP - EP,N/A,177000,201092,2020,46.739276965056874,120
Smile,Katy Perry,2020,Katy Perry,429941777,7048299,"['pop', 'female vocalists', 'pop rock', 'indie', 'rock']",429941777,Tropical House Mix,N/A,166000,199976,2020,2.8372235627347817,121
To Die For,Sam Smith,2020,Sam Smith,111853937,3049190,"['soul', 'pop', 'british', 'electronic', 'dance']",111853937,Heartbreak,N/A,193000,195593,2020,6.4145887924334,122
Una Vez,Bad Bunny,2020,Bad Bunny,382878834,2475994,"['Reggaeton', 'trap', 'latin', 'puerto rico', 'trap latino']",382878834,N/A,N/A,232000,186686,2020,7.539840565041757,123
Wrong Direction,Hailee Steinfeld,2020,Hailee Steinfeld,27261207,1274145,"['pop', 'female vocalists', 'dance', 'teen pop', 'american']",27261207,Car Jams,N/A,249000,182219,2020,14.301276542308763,124
Hypnotized,Purple Disco Machine,2020,Purple Disco Machine,10516491,582974,"['House', 'electronic', 'deep house', 'Disco', 'C']",10516491,Kontor Top of the Clubs 2020.04,N/A,195000,181992,2020,31.21785877243239,125
I Love Me,Demi Lovato,2020,Demi Lovato,196602611,3333311,"['pop', 'pop rock', 'female vocalists', 'Disney', 'guilty pleasure']",196602611,Pop At Home,N/A,203000,181780,2020,5.453436538024805,126
Don't Wanna,HAIM,2020,HAIM,69024418,1524141,"['indie', 'indie pop', 'female vocalists', 'indie rock', 'soul']",69024418,"Women in Music, Pt. III",N/A,201000,180649,2020,11.852512333176524,127
No Judgement,Niall Horan,2020,Niall Horan,70411861,1296894,"['pop', 'folk', 'irish', 'singer-songwriter', 'male vocalists']",70411861,Melted,N/A,176000,176423,2020,13.603501905321483,128
Dumhdurum,Apink,2020,Apink,18946135,406750,[],18946135,LOOK,N/A,0,173396,2020,42.62962507682852,129
Those Kinda Nights (feat. Ed Sheeran),Eminem,2020,Eminem,561177490,7726026,"['rap', 'Hip-Hop', 'hip hop', 'Eminem', 'pop']",561177490,Music To Be Murdered By - Side B (Deluxe Edition),N/A,177000,170614,2020,2.2083021724234424,130
React,The Pussycat Dolls,2020,The Pussycat Dolls,52991637,3233974,"['pop', 'rnb', 'dance', 'female vocalists', 'Hip-Hop']",52991637,"The Dome, Vol. 94",N/A,262000,170303,2020,5.2660596529223795,131
Honeymoon Fades,Sabrina Carpenter,2020,Sabrina Carpenter,626667907,3171164,"['pop', 'female vocalists', 'rnb', 'american', 'my top songs']",626667907,Honeymoon Fades - Single,N/A,195000,166925,2020,5.2638400284564275,132
WOW,Zara Larsson,2020,Zara Larsson,77577057,2182349,"['pop', 'swedish', 'female vocalists', 'indie', 'Sweden']",77577057,WOW - Single,N/A,178000,164776,2020,7.550396384812879,133
Darkness,Eminem,2020,Eminem,561177490,7726026,"['rap', 'Hip-Hop', 'hip hop', 'Eminem', 'pop']",561177490,Music To Be Murdered By: Side B (Deluxe Edition),N/A,0,163666,2020,2.1183723689254994,134
Dead Horse,Hayley Williams,2020,Hayley Williams,50493349,781475,"['rock', 'female vocalists', 'alternative rock', 'indie', 'pop punk']",50493349,Petals For Armor II,N/A,199000,162396,2020,20.780703157490642,135
Shot in the Dark,AC/DC,2020,AC/DC,210840303,4509544,"['hard rock', 'classic rock', 'rock', 'heavy metal', 'metal']",210840303,Power Up,N/A,185000,156656,2020,3.4738767378697273,136
Lovefool,twocolors,2020,twocolors,3146571,289840,"['C', 'dance', 'german', 'pop', 'electronic']",3146571,Massive Dance Hits,N/A,192000,155317,2020,53.58715153187966,137
Trade It,Slow Pulp,2020,Slow Pulp,24109725,866162,"['dream pop', 'shoegaze', 'indie rock', 'indie pop', 'Lo-Fi']",24109725,Moveys,N/A,172000,152838,2020,17.645428915145203,138
Love Me Land,Zara Larsson,2020,Zara Larsson,77577057,2182349,"['pop', 'swedish', 'female vocalists', 'indie', 'Sweden']",77577057,Poster Girl,N/A,160000,151288,2020,6.932346751138338,139
Wishlist,TOMORROW X TOGETHER,2020,TOMORROW X TOGETHER,421833746,1201549,"['k-pop', 'Kpop', 'pop', 'Korean', 'txt']",421833746,minisode1 : Blue Hour,N/A,193000,149066,2020,12.406152391621148,140
Anyone,Demi Lovato,2020,Demi Lovato,196602611,3333311,"['pop', 'pop rock', 'female vocalists', 'Disney', 'guilty pleasure']",196602611,Lonely Songs,N/A,227000,147585,2020,4.427579664783754,141
Eleven,Khalid,2020,Khalid,94851741,2271778,"['soul', 'pop', 'rnb', 'alternative rnb', 'alternative']",94851741,Mega Hits 2020,N/A,206000,147447,2020,6.490378901459562,142
AYA,MAMAMOO,2020,MAMAMOO,41144354,725771,"['k-pop', 'pop', 'Korean', 'Kpop', 'girl group']",41144354,Travel,N/A,212000,146973,2020,20.25060246276029,143
Dingga,MAMAMOO,2020,MAMAMOO,41144354,725771,"['k-pop', 'pop', 'Korean', 'Kpop', 'girl group']",41144354,Dingga - Single,N/A,179000,146541,2020,20.19107955539695,144
Holiday,Little Mix,2020,Little Mix,112383401,1823338,"['pop', 'british', 'female vocalists', 'Girl Groups', 'X factor']",112383401,Now That's What I Call Music Vol. 83,N/A,213000,145337,2020,7.970930238935403,145
QUEEN,TWICE,2020,TWICE,488851948,1869503,"['k-pop', 'Kpop', 'Korean', 'pop', 'girl group']",488851948,Eyes wide open,N/A,193000,140597,2020,7.5205549282349375,146
Past Life (with Selena Gomez),Trevor Daniel,2020,Trevor Daniel,12425659,803389,"['pop', 'rnb', 'Hip-Hop', 'rap', 'american']",12425659,N/A,N/A,0,139996,2020,17.425680461146467,147
Amnesia,Kai,2020,Kai,43258487,699824,"['exo', 'rnb', 'Kpop', 'k-pop', 'pop']",43258487,KAI - The 1st Mini Album,N/A,178000,136171,2020,19.45789227005647,148
No Regrets (feat. Don Toliver),Eminem,2020,Eminem,561177490,7726026,"['rap', 'Hip-Hop', 'hip hop', 'Eminem', 'pop']",561177490,Music To Be Murdered By - Side B (Deluxe Edition),N/A,200000,135785,2020,1.7575012043707852,149
Nobody's Love,Maroon 5,2020,Maroon 5,281970159,6564586,"['pop rock', 'rock', 'pop', 'alternative', 'alternative rock']",281970159,Now That's What I Call Music! Vol. 76,N/A,211000,133851,2020,2.0389861599802335,150
Magic,Kylie Minogue,2020,Kylie Minogue,173548733,3503603,"['pop', 'dance', 'female vocalists', 'australian', 'electronic']",173548733,Magic,N/A,251000,129074,2020,3.6840361193890976,151
Lexapro Delirium,Sewerslvt,2020,Sewerslvt,39897859,524319,"['breakcore', 'Drum and bass', 'atmospheric drum and bass', 'electronic', 'australian']",39897859,Draining Love Story,N/A,435000,128236,2020,24.457629801704687,152
Sudden Desire,Hayley Williams,2020,Hayley Williams,50493349,781475,"['rock', 'female vocalists', 'alternative rock', 'indie', 'pop punk']",50493349,Petals for Armor,N/A,187000,127463,2020,16.31056655683163,153
I’m Ready (with Demi Lovato),Sam Smith,2020,Sam Smith,111853937,3049190,"['soul', 'pop', 'british', 'electronic', 'dance']",111853937,N/A,N/A,0,125691,2020,4.122111118034626,154
Underdog,Alicia Keys,2020,Alicia Keys,101124412,4167155,"['soul', 'rnb', 'female vocalists', 'pop', 'singer-songwriter']",101124412,Alicia,N/A,208000,123652,2020,2.967300232412761,155
Say Something,Kylie Minogue,2020,Kylie Minogue,173548733,3503603,"['pop', 'dance', 'female vocalists', 'australian', 'electronic']",173548733,Magic,N/A,212000,123587,2020,3.527425909841954,156
Leaving Heaven (feat. Skylar Grey),Eminem,2020,Eminem,561177490,7726026,"['rap', 'Hip-Hop', 'hip hop', 'Eminem', 'pop']",561177490,Music To Be Murdered By - Side B (Deluxe Edition),N/A,265000,123070,2020,1.5929275930471887,157
Leave It Alone,Hayley Williams,2020,Hayley Williams,50493349,781475,"['rock', 'female vocalists', 'alternative rock', 'indie', 'pop punk']",50493349,Leave It Alone,N/A,245000,116978,2020,14.9688729645862,158
Tucked,Katy Perry,2020,Katy Perry,429941777,7048299,"['pop', 'female vocalists', 'pop rock', 'indie', 'rock']",429941777,Best Pop Songs 2021,N/A,187000,116611,2020,1.654455919080618,159
Oh Yeah!,Green Day,2020,Green Day,438568755,6520124,"['punk rock', 'rock', 'punk', 'pop punk', 'alternative']",438568755,Oh Yeah!,N/A,171000,110501,2020,1.694768381705624,160
AUATC,Bon Iver,2020,Bon Iver,236453187,3532543,"['folk', 'indie', 'singer-songwriter', 'acoustic', 'Lo-Fi']",236453187,AUATC,N/A,142000,107070,2020,3.0309609819328456,161
SOUL LADY,YUKIKA,2020,YUKIKA,12356136,276387,"['city pop', 'k-pop', 'synthpop', 'japanese', 'pop']",12356136,Soul Lady,N/A,215000,105880,2020,38.30860351608433,162
Nectar,WayV,2020,WayV,42640811,537466,"['C-pop', 'NCT', 'k-pop', 'chinese', 'cpop']",42640811,NCT RESONANCE Pt. 1 - The 2nd Album,N/A,198000,105244,2020,19.581517714608925,163
Why We Ever,Hayley Williams,2020,Hayley Williams,50493349,781475,"['rock', 'female vocalists', 'alternative rock', 'indie', 'pop punk']",50493349,Petals For Armor [Explicit],N/A,263000,103088,2020,13.19146485812086,164
Conversations in the Dark,John Legend,2020,John Legend,55507116,3169293,"['soul', 'rnb', 'Neo-Soul', 'singer-songwriter', 'Hip-Hop']",55507116,Now 35,N/A,237000,100878,2020,3.182981188548992,165
Girlfriend,Charlie Puth,2020,Charlie Puth,132288174,2409770,"['pop', 'rnb', 'soul', 'american', 'USA']",132288174,Girlfriend,N/A,177000,96313,2020,3.9967714761159776,166
Over Yet,Hayley Williams,2020,Hayley Williams,50493349,781475,"['rock', 'female vocalists', 'alternative rock', 'indie', 'pop punk']",50493349,Petals for Armor,N/A,214000,92880,2020,11.885217057487443,167
Birthday,Anne-Marie,2020,Anne-Marie,20450019,1174979,"['pop', 'rnb', 'british', 'electronic', 'female vocalists']",20450019,BIRTHDAY - Single,N/A,181000,89570,2020,7.623114966310037,168
SURF,ITZY,2020,ITZY,134586077,981767,"['k-pop', 'Kpop', 'Korean', 'pop', 'girl group']",134586077,NOT SHY - EP,N/A,193000,89510,2020,9.117234537318936,169
Better,Boa,2020,Boa,39872758,670361,"['k-pop', 'j-pop', 'Korean', 'pop', 'japanese']",39872758,BETTER,N/A,199000,89003,2020,13.276876190589846,170
Nice to Meet Ya (feat. Nicki Minaj),Meghan Trainor,2020,Meghan Trainor,43835422,2102771,"['pop', 'female vocalists', 'soul', 'american', 'jazz']",43835422,Nice To Meet Ya (feat. Nicki Minaj),N/A,197000,86850,2020,4.130264303626025,171
Noise,Nightwish,2020,Nightwish,183475935,1807193,"['symphonic metal', 'Power metal', 'Gothic Metal', 'metal', 'Female fronted metal']",183475935,HUMAN. :II: NATURE.,N/A,340000,86823,2020,4.804301477484696,172
We Ride,Brave Girls,2020,Brave Girls,10134097,308933,"['k-pop', 'Korean', 'pop', 'female vocalists', 'Kpop']",10134097,We Ride - Single,N/A,189000,86521,2020,28.00639620888672,173
TING TING TING (with Oliver Heldens),ITZY,2020,ITZY,134586077,981767,"['k-pop', 'Kpop', 'Korean', 'pop', 'girl group']",134586077,N/A,N/A,219000,85006,2020,8.658469881346592,174
Superblood Wolfmoon,Pearl Jam,2020,Pearl Jam,250731278,4319791,"['Grunge', 'rock', 'alternative rock', '90s', 'alternative']",250731278,"Ohana Festival, Dana Point, September 26th 2021",N/A,286000,84737,2020,1.9615995310884253,175
Wasted on You,Evanescence,2020,Evanescence,214331242,4440482,"['Gothic Rock', 'rock', 'female vocalists', 'alternative', 'Gothic']",214331242,KuschelRock 35,N/A,254000,82987,2020,1.8688736943421906,176
sadder badder cooler,Tove Lo,2020,Tove Lo,122007176,2405682,"['pop', 'swedish', 'electronic', 'female vocalists', 'indie']",122007176,Summer 2020 - Sommarhits,N/A,171000,75443,2020,3.136033773374868,177
Goliath,Woodkid,2020,Woodkid,30426121,1188665,"['indie', 'alternative', 'folk', 'chamber pop', 'pop']",30426121,Goliath - Single,N/A,230000,74362,2020,6.255925765459571,178
LALALILALA,April,2020,April,7983388,321878,"['hardcore', 'hardcore punk', 'Straight Edge', 'polish', 'punk']",7983388,Da Capo,N/A,194000,74149,2020,23.036367816377634,179
NO LIE,Everglow,2020,Everglow,35914985,641505,"['k-pop', 'Korean', 'Kpop', 'pop', 'girl group']",35914985,reminiscence - EP,N/A,0,72094,2020,11.2382600291502,180
the other girl (with Halsey),Kelsea Ballerini,2020,Kelsea Ballerini,15262327,479099,"['country', 'pop', 'singer-songwriter', 'female vocalists', 'country pop']",15262327,N/A,N/A,201000,69589,2020,14.524972917914669,181
I'm Coming,Tove Lo,2020,Tove Lo,122007176,2405682,"['pop', 'swedish', 'electronic', 'female vocalists', 'indie']",122007176,Puro Movimiento,N/A,196000,66452,2020,2.762293603227692,182
Chew On My Heart,James Bay,2020,James Bay,26126641,1244840,"['folk', 'indie', 'singer-songwriter', 'british', 'indie pop']",26126641,Stimmungsmacher,N/A,195000,64245,2020,5.160904212589569,183
Hmph!,WJSN CHOCOME,2020,WJSN CHOCOME,2261007,108848,"['k-pop', 'Kpop', 'Korean', 'pop', 'WJSN']",2261007,Hmph!,N/A,199000,61594,2020,56.58716742613553,184
Dangerous Woman,SuperM,2020,SuperM,15835001,394142,"['k-pop', 'Korean', 'pop', 'NCT', 'rnb']",15835001,"Super One [Unit C Ver. - Kai, Ten]",N/A,189000,58987,2020,14.965925986065937,185
Games,Neil Frances,2020,Neil Frances,9177512,580739,"['electronic', 'soul', 'indietronica', 'indie', 'indie pop']",9177512,Games - Single,N/A,236000,58289,2020,10.03703901408378,186
OOPS!,Loona,2020,Loona,111267797,1134537,"['pop', 'dance', 'k-pop', 'latin', 'female vocalists']",111267797,[12:00],N/A,162000,56373,2020,4.968811065659383,187
Checkmate,Lamb of God,2020,Lamb of God,81653109,1448638,"['groove metal', 'metalcore', 'thrash metal', 'metal', 'death metal']",81653109,Lamb of God,N/A,270000,55091,2020,3.8029514619939557,188
愛密集,Yakkle,2020,Yakkle,834877,84875,"['jazz rap', 'japanese', 'Hip-Hop']",834877,愛密集 - EP,N/A,204000,52220,2020,61.52577319587629,189
Nights,Neon Trees,2020,Neon Trees,34566842,2058212,"['indie', 'alternative', 'indie rock', 'alternative rock', 'pop']",34566842,I Can Feel You Forgetting Me,N/A,215000,44737,2020,2.1735856170307044,190
Children of the Next Level,Testament,2020,Testament,35635666,1071480,"['thrash metal', 'heavy metal', 'metal', 'death metal', 'thrash']",35635666,Children of the Next Level,N/A,0,39939,2020,3.7274610818680705,191
EYES,IZ*ONE,2020,IZ*ONE,47806048,542797,"['k-pop', 'j-pop', 'Korean', 'Kpop', 'pop']",47806048,N/A,N/A,217000,37002,2020,6.816913136955437,192
GxxD BOY,Everglow,2020,Everglow,35914985,641505,"['k-pop', 'Korean', 'Kpop', 'pop', 'girl group']",35914985,-77.82X-78.29,N/A,203000,36351,2020,5.666518577407814,193
Cloud 9,CRAVITY,2020,CRAVITY,12706890,166640,"['k-pop', 'Kpop', 'Korean', 'pop', 'Hip-Hop']",12706890,HIDEOUT: REMEMBER WHO WE ARE - SEASON1.,N/A,201000,26436,2020,15.86413826212194,194
Flame,CRAVITY,2020,CRAVITY,12706890,166640,"['k-pop', 'Kpop', 'Korean', 'pop', 'Hip-Hop']",12706890,Season 2. Hideout: The New Day We Step Into,N/A,194000,18826,2020,11.297407585213634,195
World On Fire,Daughtry,2020,Daughtry,37150380,1515710,"['rock', 'alternative rock', 'alternative', 'hard rock', 'American Idol']",37150380,World On Fire,N/A,0,17601,2020,1.1612379676851112,196
Believer,CRAVITY,2020,CRAVITY,12706890,166640,"['k-pop', 'Kpop', 'Korean', 'pop', 'Hip-Hop']",12706890,HIDEOUT: THE NEW DAY WE STEP INTO - SEASON 2.,N/A,213000,10841,2020,6.505640902544407,197
Realize,CRAVITY,2020,CRAVITY,12706890,166640,"['k-pop', 'Kpop', 'Korean', 'pop', 'Hip-Hop']",12706890,Season 2. Hideout: The New Day We Step Into,N/A,215000,10394,2020,6.237397983677388,198
Tonight,Ke$ha,2020,Ke$ha,106811286,2389257,"['pop', 'dance', 'electropop', 'female vocalists', 'electronic']",106811286,Tonight,N/A,195000,2005,2020,0.08391730148744987,199
34+35,Ariana Grande,2020,Ariana Grande,1079224655,4404806,"['pop', 'rnb', 'female vocalists', 'Ariana Grande', 'american']",1079224655,N/A,N/A,0,992,2020,0.02252085562905608,200
